<?xml version='1.0' encoding='UTF-8'?>
<?artifactRepository version='1.1.0'?>
<repository name='file:/F:/kiss/cts/mule/Instagram-connector/target/update-site/ - artifacts' type='org.eclipse.equinox.p2.artifact.repository.simpleRepository' version='1'>
  <properties size='2'>
    <property name='p2.timestamp' value='1391631930903'/>
    <property name='p2.compressed' value='false'/>
  </properties>
  <mappings size='3'>
    <rule filter='(&amp; (classifier=osgi.bundle))' output='${repoUrl}/plugins/${id}_${version}.jar'/>
    <rule filter='(&amp; (classifier=binary))' output='${repoUrl}/binary/${id}_${version}'/>
    <rule filter='(&amp; (classifier=org.eclipse.update.feature))' output='${repoUrl}/features/${id}_${version}.jar'/>
  </mappings>
  <artifacts size='2'>
    <artifact classifier='osgi.bundle' id='org.mule.tooling.ui.extension.instagram' version='1.0.0.201402060148'>
      <properties size='3'>
        <property name='artifact.size' value='989744'/>
        <property name='download.size' value='989744'/>
        <property name='download.md5' value='6c2209e1bbcaae72d41e856e4646de31'/>
      </properties>
    </artifact>
    <artifact classifier='org.eclipse.update.feature' id='org.mule.tooling.ui.extension.instagram' version='1.0.0.201402060148'>
      <properties size='4'>
        <property name='artifact.size' value='636'/>
        <property name='download.size' value='636'/>
        <property name='download.md5' value='e379a5ae0ca1503c0824471ae8c2531e'/>
        <property name='download.contentType' value='application/zip'/>
      </properties>
    </artifact>
  </artifacts>
</repository>
