<?xml version='1.0' encoding='UTF-8'?>
<?artifactRepository version='1.1.0'?>
<repository name='file:/F:/kiss/cts/mule/3.3.0/bulksms-connector/target/update-site/ - artifacts' type='org.eclipse.equinox.p2.artifact.repository.simpleRepository' version='1'>
  <properties size='2'>
    <property name='p2.timestamp' value='1400945705842'/>
    <property name='p2.compressed' value='false'/>
  </properties>
  <mappings size='3'>
    <rule filter='(&amp; (classifier=osgi.bundle))' output='${repoUrl}/plugins/${id}_${version}.jar'/>
    <rule filter='(&amp; (classifier=binary))' output='${repoUrl}/binary/${id}_${version}'/>
    <rule filter='(&amp; (classifier=org.eclipse.update.feature))' output='${repoUrl}/features/${id}_${version}.jar'/>
  </mappings>
  <artifacts size='2'>
    <artifact classifier='osgi.bundle' id='org.mule.tooling.ui.extension.bulksms' version='1.0.0.201405242105'>
      <properties size='3'>
        <property name='artifact.size' value='104443'/>
        <property name='download.size' value='104443'/>
        <property name='download.md5' value='5e1606255716ca0613694bd954a5b663'/>
      </properties>
    </artifact>
    <artifact classifier='org.eclipse.update.feature' id='org.mule.tooling.ui.extension.bulksms' version='1.0.0.201405242105'>
      <properties size='4'>
        <property name='artifact.size' value='639'/>
        <property name='download.size' value='639'/>
        <property name='download.md5' value='df6430282342aae9e763bb90b418a449'/>
        <property name='download.contentType' value='application/zip'/>
      </properties>
    </artifact>
  </artifacts>
</repository>
