<?xml version='1.0' encoding='UTF-8'?>
<?artifactRepository version='1.1.0'?>
<repository name='file:/F:/kiss/cts/mule/qrcode-connector/target/update-site/ - artifacts' type='org.eclipse.equinox.p2.artifact.repository.simpleRepository' version='1'>
  <properties size='2'>
    <property name='p2.timestamp' value='1391705025650'/>
    <property name='p2.compressed' value='false'/>
  </properties>
  <mappings size='3'>
    <rule filter='(&amp; (classifier=osgi.bundle))' output='${repoUrl}/plugins/${id}_${version}.jar'/>
    <rule filter='(&amp; (classifier=binary))' output='${repoUrl}/binary/${id}_${version}'/>
    <rule filter='(&amp; (classifier=org.eclipse.update.feature))' output='${repoUrl}/features/${id}_${version}.jar'/>
  </mappings>
  <artifacts size='2'>
    <artifact classifier='org.eclipse.update.feature' id='org.mule.tooling.ui.extension.qrcode' version='1.0.0.201402062213'>
      <properties size='4'>
        <property name='artifact.size' value='638'/>
        <property name='download.size' value='638'/>
        <property name='download.md5' value='3284e6018a6ef3400b748382aed4cbe8'/>
        <property name='download.contentType' value='application/zip'/>
      </properties>
    </artifact>
    <artifact classifier='osgi.bundle' id='org.mule.tooling.ui.extension.qrcode' version='1.0.0.201402062213'>
      <properties size='3'>
        <property name='artifact.size' value='727443'/>
        <property name='download.size' value='727443'/>
        <property name='download.md5' value='9d1352525ec4e21749d2010b97f3eb11'/>
      </properties>
    </artifact>
  </artifacts>
</repository>
