<?xml version='1.0' encoding='UTF-8'?>
<?artifactRepository version='1.1.0'?>
<repository name='file:/F:/kiss/cts/mule/file-connector/target/update-site/ - artifacts' type='org.eclipse.equinox.p2.artifact.repository.simpleRepository' version='1'>
  <properties size='2'>
    <property name='p2.timestamp' value='1393873677238'/>
    <property name='p2.compressed' value='false'/>
  </properties>
  <mappings size='3'>
    <rule filter='(&amp; (classifier=osgi.bundle))' output='${repoUrl}/plugins/${id}_${version}.jar'/>
    <rule filter='(&amp; (classifier=binary))' output='${repoUrl}/binary/${id}_${version}'/>
    <rule filter='(&amp; (classifier=org.eclipse.update.feature))' output='${repoUrl}/features/${id}_${version}.jar'/>
  </mappings>
  <artifacts size='2'>
    <artifact classifier='org.eclipse.update.feature' id='org.mule.tooling.ui.extension.fileconnector' version='1.0.0.201403040037'>
      <properties size='4'>
        <property name='artifact.size' value='641'/>
        <property name='download.size' value='641'/>
        <property name='download.md5' value='49460cc47eddcceefc7d50b5a7736938'/>
        <property name='download.contentType' value='application/zip'/>
      </properties>
    </artifact>
    <artifact classifier='osgi.bundle' id='org.mule.tooling.ui.extension.fileconnector' version='1.0.0.201403040037'>
      <properties size='3'>
        <property name='artifact.size' value='155934'/>
        <property name='download.size' value='155934'/>
        <property name='download.md5' value='2091ad2f409402d847007c36b3d5fec7'/>
      </properties>
    </artifact>
  </artifacts>
</repository>
